community_id,members,size,avg_anomaly_score,internal_density,total_amount_moved,risk_score
4,"['C_MULE_B1', 'C_MULE_B4', 'C_MULE_B3', 'C_MULE_B2', 'C_MULE_B0']",5,0.9301,1.0,1602285.29,0.9651
9,"['C_MULE_C4', 'C_MULE_C3', 'C_MULE_C5', 'C_MULE_C2', 'C_MULE_C0', 'C_MULE_C1', 'C_MULE_C6']",7,0.9058,1.0,1242715.19,0.9529
2,"['C_MULE_A0', 'C_MULE_A4', 'C_MULE_A2', 'C_MULE_A5', 'C_MULE_A1', 'C_MULE_A3']",6,0.8452,1.0,1463666.91,0.9226
12,"['C100182', 'C100356', 'C100313', 'C100159', 'C100340', 'C100352', 'C100157', 'C100094', 'C100200', 'C100355', 'C100186', 'C100230', 'C100063', 'C100223', 'C100116', 'C100317', 'C100324']",17,0.1059,0.2574,10528.41,0.2754
5,"['C100280', 'C100430', 'C100375', 'C100005', 'C100117', 'C100198', 'C100103', 'C100383', 'C100285', 'C100148', 'C100105', 'C100195', 'C100135', 'C100122', 'C100177', 'C100411', 'C100221', 'C100306', 'C100256', 'C100315', 'C100283', 'C100331', 'C100151', 'C100133']",24,0.1112,0.2029,14425.93,0.2203
8,"['C100209', 'C100149', 'C100018', 'C100055', 'C100123', 'C100483', 'C100228', 'C100231', 'C100469', 'C100364', 'C100089', 'C100054', 'C100024', 'C100153', 'C100190', 'C100110', 'C100311', 'C100008', 'C100299', 'C100307', 'C100494', 'C100073', 'C100175', 'C100431', 'C100051', 'C100322', 'C100466', 'C100097', 'C100425', 'C100410', 'C100275', 'C100229', 'C100045', 'C100492', 'C100427', 'C100034', 'C100391', 'C100415', 'C100354', 'C100197', 'C100378']",41,0.1849,0.1256,21605.39,0.1913
7,"['C100202', 'C100475', 'C100345', 'C100033', 'C100303', 'C100142', 'C100226', 'C100019', 'C100336', 'C100010', 'C100358', 'C100174', 'C100433', 'C100099', 'C100279', 'C100121', 'C100462', 'C100417', 'C100000', 'C100144', 'C100278', 'C100136', 'C100249', 'C100185', 'C100059', 'C100017', 'C100418', 'C100172', 'C100408', 'C100091', 'C100476', 'C100399', 'C100178', 'C100067', 'C100201', 'C100426', 'C100379', 'C100052', 'C100001']",39,0.1187,0.1255,22064.49,0.161
10,"['C100395', 'C100465', 'C100374', 'C100192', 'C100244', 'C100443', 'C100156', 'C100272', 'C100457', 'C100152', 'C100102', 'C100013', 'C100114', 'C100342', 'C100477', 'C100170', 'C100482', 'C100441', 'C100218', 'C100473', 'C100002', 'C100242', 'C100241', 'C100113', 'C100267', 'C100257', 'C100464', 'C100372', 'C100318', 'C100325', 'C100332', 'C100038', 'C100026', 'C100293', 'C100029', 'C100080', 'C100351', 'C100247', 'C100225', 'C100413', 'C100360', 'C100158', 'C100043', 'C100003', 'C100082', 'C100365', 'C100442', 'C100160', 'C100448', 'C100124', 'C100435', 'C100470', 'C100235', 'C100471', 'C100196', 'C100085', 'C100187', 'C100406']",58,0.1551,0.1047,46592.8,0.153
3,"['C100219', 'C100316', 'C100096', 'C100255', 'C100490', 'C100108', 'C100434', 'C100461', 'C100098', 'C100208', 'C100337', 'C100261', 'C100104', 'C100266', 'C100180', 'C100312', 'C100320', 'C100109', 'C100164', 'C100361', 'C100445', 'C100330', 'C100068', 'C100049', 'C100140', 'C100386', 'C100056', 'C100081', 'C100412', 'C100234', 'C100284', 'C100264', 'C100493', 'C100363', 'C100015', 'C100484', 'C100162', 'C100004', 'C100048', 'C100022', 'C100362', 'C100456', 'C100491', 'C100032', 'C100237', 'C100450', 'C100064', 'C100239']",48,0.1011,0.1215,26523.56,0.1399
1,"['C100424', 'C100480', 'C100349', 'C100030', 'C100120', 'C100188', 'C100253', 'C100273', 'C100421', 'C100206', 'C100100', 'C100014', 'C100454', 'C100137', 'C100050', 'C100020', 'C100076', 'C100134', 'C100183', 'C100214', 'C100028', 'C100119', 'C100232', 'C100282', 'C100128', 'C100341', 'C100007', 'C100447', 'C100348', 'C100079', 'C100373', 'C100357', 'C100300', 'C100070', 'C100084', 'C100436', 'C100338', 'C100066', 'C100488', 'C100390', 'C100414', 'C100021', 'C100036', 'C100423', 'C100497', 'C100238', 'C100376', 'C100216', 'C100111', 'C100042', 'C100168', 'C100179', 'C100194', 'C100031']",54,0.1209,0.1055,38036.6,0.1391
6,"['C100276', 'C100290', 'C100184', 'C100169', 'C100429', 'C100088', 'C100270', 'C100343', 'C100327', 'C100420', 'C100333', 'C100224', 'C100309', 'C100328', 'C100302', 'C100301', 'C100173', 'C100339', 'C100439', 'C100335', 'C100210', 'C100455', 'C100495', 'C100047', 'C100118', 'C100199', 'C100006', 'C100326', 'C100298', 'C100171', 'C100403', 'C100388', 'C100041', 'C100347', 'C100323', 'C100207', 'C100369', 'C100392', 'C100258', 'C100499', 'C100250', 'C100359', 'C100193', 'C100382', 'C100487', 'C100046', 'C100112', 'C100405', 'C100245', 'C100366', 'C100463', 'C100011', 'C100319', 'C100329', 'C100150', 'C100061', 'C100297', 'C100125', 'C100287', 'C100308', 'C100371', 'C100147']",62,0.1238,0.1095,52786.28,0.1365
0,"['C100035', 'C100268', 'C100083', 'C100154', 'C100189', 'C100474', 'C100165', 'C100291', 'C100440', 'C100498', 'C100472', 'C100251', 'C100106', 'C100451', 'C100384', 'C100248', 'C100367', 'C100428', 'C100092', 'C100389', 'C100101', 'C100402', 'C100053', 'C100131', 'C100132', 'C100191', 'C100404', 'C100181', 'C100444', 'C100407', 'C100086', 'C100227', 'C100486', 'C100161', 'C100449', 'C100204', 'C100072', 'C100295', 'C100344', 'C100212', 'C100274', 'C100254', 'C100460', 'C100115', 'C100481', 'C100143', 'C100289', 'C100400', 'C100259', 'C100397', 'C100138', 'C100468', 'C100393', 'C100478', 'C100277', 'C100396', 'C100126', 'C100012', 'C100350', 'C100141', 'C100090', 'C100387', 'C100069', 'C100271', 'C100401', 'C100236', 'C100281', 'C100432', 'C100027']",69,0.1361,0.0942,56246.55,0.1336
11,"['C100044', 'C100211', 'C100262', 'C100296', 'C100040', 'C100459', 'C100269', 'C100215', 'C100479', 'C100416', 'C100217', 'C100130', 'C100078', 'C100496', 'C100314', 'C100075', 'C100438', 'C100095', 'C100166', 'C100023', 'C100467', 'C100167', 'C100127', 'C100353', 'C100346', 'C100485', 'C100437', 'C100453', 'C100205', 'C100213', 'C100093', 'C100292', 'C100310', 'C100146', 'C100334', 'C100058', 'C100087', 'C100062', 'C100305', 'C100107', 'C100409', 'C100446', 'C100077', 'C100039', 'C100422', 'C100243', 'C100145', 'C100265', 'C100163', 'C100009', 'C100419', 'C100037', 'C100025', 'C100286', 'C100370', 'C100252', 'C100394', 'C100065', 'C100381', 'C100220', 'C100074', 'C100263', 'C100233', 'C100368', 'C100377', 'C100385', 'C100129', 'C100380', 'C100288', 'C100452', 'C100139', 'C100304', 'C100155', 'C100071', 'C100016', 'C100060', 'C100203', 'C100294', 'C100176', 'C100057', 'C100222', 'C100260', 'C100321', 'C100398', 'C100246', 'C100458', 'C100489', 'C100240']",88,0.1375,0.0857,85081.85,0.1243
